[{"year": "100", "month": "1", "bullish_target": "3406", "bullish_target_open_price": "NaN", "bullish_target_close_price": "NaN", "bearish_target": "3535", "bearish_target_open_price": 30.940599, "bearish_target_close_price": 30.3465}, {"year": "100", "month": "1", "bullish_target": "9933", "bullish_target_open_price": "NaN", "bullish_target_close_price": "NaN", "bearish_target": "9902", "bearish_target_open_price": "NaN", "bearish_target_close_price": "NaN"}, {"year": "100", "month": "1", "bullish_target": "3018", "bullish_target_open_price": "NaN", "bullish_target_close_price": "NaN", "bearish_target": "3052", "bearish_target_open_price": "NaN", "bearish_target_close_price": "NaN"}, {"year": "100", "month": "1", "bullish_target": "1727", "bullish_target_open_price": "NaN", "bullish_target_close_price": "NaN", "bearish_target": "1735", "bearish_target_open_price": "NaN", "bearish_target_close_price": "NaN"}, {"year": "100", "month": "1", "bullish_target": "4108", "bullish_target_open_price": "NaN", "bullish_target_close_price": "NaN", "bearish_target": "4142", "bearish_target_open_price": "NaN", "bearish_target_close_price": "NaN"}, {"year": "100", "month": "1", "bullish_target": "1307", "bullish_target_open_price": 17.789301000000002, "bullish_target_close_price": 17.738192, "bearish_target": "1316", "bearish_target_open_price": 20.616648, "bearish_target_close_price": 20.767891}, {"year": "100", "month": "1", "bullish_target": "5525", "bullish_target_open_price": 8.185424000000001, "bullish_target_close_price": 7.960535, "bearish_target": "2537", "bearish_target_open_price": 11.227112, "bearish_target_close_price": 10.197958999999999}, {"year": "100", "month": "1", "bullish_target": "2108", "bullish_target_open_price": 12.504957000000001, "bullish_target_close_price": 11.949178, "bearish_target": "2109", "bearish_target_open_price": 10.628244, "bearish_target_close_price": 10.781931}, {"year": "100", "month": "1", "bullish_target": "1104", "bullish_target_open_price": "NaN", "bullish_target_close_price": "NaN", "bearish_target": "1110", "bearish_target_open_price": 11.091114, "bearish_target_close_price": 10.630902}, {"year": "100", "month": "1", "bullish_target": "2201", "bullish_target_open_price": "NaN", "bullish_target_close_price": "NaN", "bearish_target": "2204", "bearish_target_open_price": 47.32708, "bearish_target_close_price": 45.5033}]