{
 "cells": [
  {
   "cell_type": "code",
   "execution_count": 98,
   "metadata": {
    "ExecuteTime": {
     "end_time": "2020-04-12T11:46:15.692316Z",
     "start_time": "2020-04-12T11:46:15.650965Z"
    }
   },
   "outputs": [
    {
     "name": "stdout",
     "output_type": "stream",
     "text": [
      "{'year': '100', 'month': '1', 'bullish_target': '3406', 'bearish_target': '3535'}\n",
      "{'year': '100', 'month': '1', 'bullish_target': '9933', 'bearish_target': '9902'}\n",
      "{'year': '100', 'month': '1', 'bullish_target': '3018', 'bearish_target': '3052'}\n",
      "{'year': '100', 'month': '1', 'bullish_target': '1727', 'bearish_target': '1735'}\n",
      "{'year': '100', 'month': '1', 'bullish_target': '4108', 'bearish_target': '4142'}\n",
      "{'year': '100', 'month': '1', 'bullish_target': '1307', 'bearish_target': '1316'}\n",
      "{'year': '100', 'month': '1', 'bullish_target': '5525', 'bearish_target': '2537'}\n",
      "{'year': '100', 'month': '1', 'bullish_target': '2108', 'bearish_target': '2109'}\n",
      "{'year': '100', 'month': '1', 'bullish_target': '1104', 'bearish_target': '1110'}\n",
      "{'year': '100', 'month': '1', 'bullish_target': '2201', 'bearish_target': '2204'}\n"
     ]
    }
   ],
   "source": [
    "#!/usr/bin/env python3\n",
    "# -*- coding: utf-8 -*-\n",
    "\"\"\"\n",
    "Created on Thu Apr  9 19:52:34 2020\n",
    "\n",
    "@author: amanda\n",
    "\"\"\"\n",
    "\n",
    "import json\n",
    "import datetime\n",
    "import time\n",
    "import urllib.request\n",
    "\n",
    "def getPriceData(ticker, start, end):\n",
    "    start_timeArray = time.strptime(start,\"%Y-%m-%d\")\n",
    "    start_timeStamp = int(time.mktime(start_timeArray))\n",
    "    \n",
    "    print(start_timeStamp)\n",
    "    end_timeArray = datetime.datetime.strptime(end,\"%Y-%m-%d\")\n",
    "    end_timeArray +=datetime.timedelta(days=1)\n",
    "    end_timeStamp = int(time.mktime(end_timeArray.timetuple()))\n",
    "#     return start_timeStamp\n",
    "    \n",
    "#     this is comment\n",
    "    url = \"https://query1.finance.yahoo.com/v7/finance/download/\" + str(ticker) + \".TW?period1=\" + str(start_timeStamp) + \"&period2=\" + str(end_timeStamp) + \"&interval=1d&events=history\"\n",
    "    urllib.request.urlretrieve(url, \"./\" + str(ticker) + \".csv\")\n",
    "#     urllib.request.urlretrieve(url, \"./data/price/\" + str(ticker) + \".csv\")\n",
    "#     urllib.request.urlretrieve(url, \"./data/price/2330.html\")\n",
    "\n",
    "with open(\"./20200331上課資料-3/backtest_targets_remove_delist_target.json\",\"r\")as f:\n",
    "    target = json.load(f)\n",
    "for t in target[:10]: print(t)\n"
   ]
  },
  {
   "cell_type": "code",
   "execution_count": 99,
   "metadata": {
    "ExecuteTime": {
     "end_time": "2020-04-12T11:46:18.508109Z",
     "start_time": "2020-04-12T11:46:18.441384Z"
    },
    "scrolled": true
   },
   "outputs": [
    {
     "name": "stdout",
     "output_type": "stream",
     "text": [
      "1294675200\n"
     ]
    },
    {
     "ename": "URLError",
     "evalue": "<urlopen error [Errno -2] Name or service not known>",
     "output_type": "error",
     "traceback": [
      "\u001b[0;31m---------------------------------------------------------------------------\u001b[0m",
      "\u001b[0;31mgaierror\u001b[0m                                  Traceback (most recent call last)",
      "\u001b[0;32m~/anaconda3/lib/python3.7/urllib/request.py\u001b[0m in \u001b[0;36mdo_open\u001b[0;34m(self, http_class, req, **http_conn_args)\u001b[0m\n\u001b[1;32m   1316\u001b[0m                 h.request(req.get_method(), req.selector, req.data, headers,\n\u001b[0;32m-> 1317\u001b[0;31m                           encode_chunked=req.has_header('Transfer-encoding'))\n\u001b[0m\u001b[1;32m   1318\u001b[0m             \u001b[0;32mexcept\u001b[0m \u001b[0mOSError\u001b[0m \u001b[0;32mas\u001b[0m \u001b[0merr\u001b[0m\u001b[0;34m:\u001b[0m \u001b[0;31m# timeout error\u001b[0m\u001b[0;34m\u001b[0m\u001b[0;34m\u001b[0m\u001b[0m\n",
      "\u001b[0;32m~/anaconda3/lib/python3.7/http/client.py\u001b[0m in \u001b[0;36mrequest\u001b[0;34m(self, method, url, body, headers, encode_chunked)\u001b[0m\n\u001b[1;32m   1243\u001b[0m         \u001b[0;34m\"\"\"Send a complete request to the server.\"\"\"\u001b[0m\u001b[0;34m\u001b[0m\u001b[0;34m\u001b[0m\u001b[0m\n\u001b[0;32m-> 1244\u001b[0;31m         \u001b[0mself\u001b[0m\u001b[0;34m.\u001b[0m\u001b[0m_send_request\u001b[0m\u001b[0;34m(\u001b[0m\u001b[0mmethod\u001b[0m\u001b[0;34m,\u001b[0m \u001b[0murl\u001b[0m\u001b[0;34m,\u001b[0m \u001b[0mbody\u001b[0m\u001b[0;34m,\u001b[0m \u001b[0mheaders\u001b[0m\u001b[0;34m,\u001b[0m \u001b[0mencode_chunked\u001b[0m\u001b[0;34m)\u001b[0m\u001b[0;34m\u001b[0m\u001b[0;34m\u001b[0m\u001b[0m\n\u001b[0m\u001b[1;32m   1245\u001b[0m \u001b[0;34m\u001b[0m\u001b[0m\n",
      "\u001b[0;32m~/anaconda3/lib/python3.7/http/client.py\u001b[0m in \u001b[0;36m_send_request\u001b[0;34m(self, method, url, body, headers, encode_chunked)\u001b[0m\n\u001b[1;32m   1289\u001b[0m             \u001b[0mbody\u001b[0m \u001b[0;34m=\u001b[0m \u001b[0m_encode\u001b[0m\u001b[0;34m(\u001b[0m\u001b[0mbody\u001b[0m\u001b[0;34m,\u001b[0m \u001b[0;34m'body'\u001b[0m\u001b[0;34m)\u001b[0m\u001b[0;34m\u001b[0m\u001b[0;34m\u001b[0m\u001b[0m\n\u001b[0;32m-> 1290\u001b[0;31m         \u001b[0mself\u001b[0m\u001b[0;34m.\u001b[0m\u001b[0mendheaders\u001b[0m\u001b[0;34m(\u001b[0m\u001b[0mbody\u001b[0m\u001b[0;34m,\u001b[0m \u001b[0mencode_chunked\u001b[0m\u001b[0;34m=\u001b[0m\u001b[0mencode_chunked\u001b[0m\u001b[0;34m)\u001b[0m\u001b[0;34m\u001b[0m\u001b[0;34m\u001b[0m\u001b[0m\n\u001b[0m\u001b[1;32m   1291\u001b[0m \u001b[0;34m\u001b[0m\u001b[0m\n",
      "\u001b[0;32m~/anaconda3/lib/python3.7/http/client.py\u001b[0m in \u001b[0;36mendheaders\u001b[0;34m(self, message_body, encode_chunked)\u001b[0m\n\u001b[1;32m   1238\u001b[0m             \u001b[0;32mraise\u001b[0m \u001b[0mCannotSendHeader\u001b[0m\u001b[0;34m(\u001b[0m\u001b[0;34m)\u001b[0m\u001b[0;34m\u001b[0m\u001b[0;34m\u001b[0m\u001b[0m\n\u001b[0;32m-> 1239\u001b[0;31m         \u001b[0mself\u001b[0m\u001b[0;34m.\u001b[0m\u001b[0m_send_output\u001b[0m\u001b[0;34m(\u001b[0m\u001b[0mmessage_body\u001b[0m\u001b[0;34m,\u001b[0m \u001b[0mencode_chunked\u001b[0m\u001b[0;34m=\u001b[0m\u001b[0mencode_chunked\u001b[0m\u001b[0;34m)\u001b[0m\u001b[0;34m\u001b[0m\u001b[0;34m\u001b[0m\u001b[0m\n\u001b[0m\u001b[1;32m   1240\u001b[0m \u001b[0;34m\u001b[0m\u001b[0m\n",
      "\u001b[0;32m~/anaconda3/lib/python3.7/http/client.py\u001b[0m in \u001b[0;36m_send_output\u001b[0;34m(self, message_body, encode_chunked)\u001b[0m\n\u001b[1;32m   1025\u001b[0m         \u001b[0;32mdel\u001b[0m \u001b[0mself\u001b[0m\u001b[0;34m.\u001b[0m\u001b[0m_buffer\u001b[0m\u001b[0;34m[\u001b[0m\u001b[0;34m:\u001b[0m\u001b[0;34m]\u001b[0m\u001b[0;34m\u001b[0m\u001b[0;34m\u001b[0m\u001b[0m\n\u001b[0;32m-> 1026\u001b[0;31m         \u001b[0mself\u001b[0m\u001b[0;34m.\u001b[0m\u001b[0msend\u001b[0m\u001b[0;34m(\u001b[0m\u001b[0mmsg\u001b[0m\u001b[0;34m)\u001b[0m\u001b[0;34m\u001b[0m\u001b[0;34m\u001b[0m\u001b[0m\n\u001b[0m\u001b[1;32m   1027\u001b[0m \u001b[0;34m\u001b[0m\u001b[0m\n",
      "\u001b[0;32m~/anaconda3/lib/python3.7/http/client.py\u001b[0m in \u001b[0;36msend\u001b[0;34m(self, data)\u001b[0m\n\u001b[1;32m    965\u001b[0m             \u001b[0;32mif\u001b[0m \u001b[0mself\u001b[0m\u001b[0;34m.\u001b[0m\u001b[0mauto_open\u001b[0m\u001b[0;34m:\u001b[0m\u001b[0;34m\u001b[0m\u001b[0;34m\u001b[0m\u001b[0m\n\u001b[0;32m--> 966\u001b[0;31m                 \u001b[0mself\u001b[0m\u001b[0;34m.\u001b[0m\u001b[0mconnect\u001b[0m\u001b[0;34m(\u001b[0m\u001b[0;34m)\u001b[0m\u001b[0;34m\u001b[0m\u001b[0;34m\u001b[0m\u001b[0m\n\u001b[0m\u001b[1;32m    967\u001b[0m             \u001b[0;32melse\u001b[0m\u001b[0;34m:\u001b[0m\u001b[0;34m\u001b[0m\u001b[0;34m\u001b[0m\u001b[0m\n",
      "\u001b[0;32m~/anaconda3/lib/python3.7/http/client.py\u001b[0m in \u001b[0;36mconnect\u001b[0;34m(self)\u001b[0m\n\u001b[1;32m   1405\u001b[0m \u001b[0;34m\u001b[0m\u001b[0m\n\u001b[0;32m-> 1406\u001b[0;31m             \u001b[0msuper\u001b[0m\u001b[0;34m(\u001b[0m\u001b[0;34m)\u001b[0m\u001b[0;34m.\u001b[0m\u001b[0mconnect\u001b[0m\u001b[0;34m(\u001b[0m\u001b[0;34m)\u001b[0m\u001b[0;34m\u001b[0m\u001b[0;34m\u001b[0m\u001b[0m\n\u001b[0m\u001b[1;32m   1407\u001b[0m \u001b[0;34m\u001b[0m\u001b[0m\n",
      "\u001b[0;32m~/anaconda3/lib/python3.7/http/client.py\u001b[0m in \u001b[0;36mconnect\u001b[0;34m(self)\u001b[0m\n\u001b[1;32m    937\u001b[0m         self.sock = self._create_connection(\n\u001b[0;32m--> 938\u001b[0;31m             (self.host,self.port), self.timeout, self.source_address)\n\u001b[0m\u001b[1;32m    939\u001b[0m         \u001b[0mself\u001b[0m\u001b[0;34m.\u001b[0m\u001b[0msock\u001b[0m\u001b[0;34m.\u001b[0m\u001b[0msetsockopt\u001b[0m\u001b[0;34m(\u001b[0m\u001b[0msocket\u001b[0m\u001b[0;34m.\u001b[0m\u001b[0mIPPROTO_TCP\u001b[0m\u001b[0;34m,\u001b[0m \u001b[0msocket\u001b[0m\u001b[0;34m.\u001b[0m\u001b[0mTCP_NODELAY\u001b[0m\u001b[0;34m,\u001b[0m \u001b[0;36m1\u001b[0m\u001b[0;34m)\u001b[0m\u001b[0;34m\u001b[0m\u001b[0;34m\u001b[0m\u001b[0m\n",
      "\u001b[0;32m~/anaconda3/lib/python3.7/socket.py\u001b[0m in \u001b[0;36mcreate_connection\u001b[0;34m(address, timeout, source_address)\u001b[0m\n\u001b[1;32m    706\u001b[0m     \u001b[0merr\u001b[0m \u001b[0;34m=\u001b[0m \u001b[0;32mNone\u001b[0m\u001b[0;34m\u001b[0m\u001b[0;34m\u001b[0m\u001b[0m\n\u001b[0;32m--> 707\u001b[0;31m     \u001b[0;32mfor\u001b[0m \u001b[0mres\u001b[0m \u001b[0;32min\u001b[0m \u001b[0mgetaddrinfo\u001b[0m\u001b[0;34m(\u001b[0m\u001b[0mhost\u001b[0m\u001b[0;34m,\u001b[0m \u001b[0mport\u001b[0m\u001b[0;34m,\u001b[0m \u001b[0;36m0\u001b[0m\u001b[0;34m,\u001b[0m \u001b[0mSOCK_STREAM\u001b[0m\u001b[0;34m)\u001b[0m\u001b[0;34m:\u001b[0m\u001b[0;34m\u001b[0m\u001b[0;34m\u001b[0m\u001b[0m\n\u001b[0m\u001b[1;32m    708\u001b[0m         \u001b[0maf\u001b[0m\u001b[0;34m,\u001b[0m \u001b[0msocktype\u001b[0m\u001b[0;34m,\u001b[0m \u001b[0mproto\u001b[0m\u001b[0;34m,\u001b[0m \u001b[0mcanonname\u001b[0m\u001b[0;34m,\u001b[0m \u001b[0msa\u001b[0m \u001b[0;34m=\u001b[0m \u001b[0mres\u001b[0m\u001b[0;34m\u001b[0m\u001b[0;34m\u001b[0m\u001b[0m\n",
      "\u001b[0;32m~/anaconda3/lib/python3.7/socket.py\u001b[0m in \u001b[0;36mgetaddrinfo\u001b[0;34m(host, port, family, type, proto, flags)\u001b[0m\n\u001b[1;32m    747\u001b[0m     \u001b[0maddrlist\u001b[0m \u001b[0;34m=\u001b[0m \u001b[0;34m[\u001b[0m\u001b[0;34m]\u001b[0m\u001b[0;34m\u001b[0m\u001b[0;34m\u001b[0m\u001b[0m\n\u001b[0;32m--> 748\u001b[0;31m     \u001b[0;32mfor\u001b[0m \u001b[0mres\u001b[0m \u001b[0;32min\u001b[0m \u001b[0m_socket\u001b[0m\u001b[0;34m.\u001b[0m\u001b[0mgetaddrinfo\u001b[0m\u001b[0;34m(\u001b[0m\u001b[0mhost\u001b[0m\u001b[0;34m,\u001b[0m \u001b[0mport\u001b[0m\u001b[0;34m,\u001b[0m \u001b[0mfamily\u001b[0m\u001b[0;34m,\u001b[0m \u001b[0mtype\u001b[0m\u001b[0;34m,\u001b[0m \u001b[0mproto\u001b[0m\u001b[0;34m,\u001b[0m \u001b[0mflags\u001b[0m\u001b[0;34m)\u001b[0m\u001b[0;34m:\u001b[0m\u001b[0;34m\u001b[0m\u001b[0;34m\u001b[0m\u001b[0m\n\u001b[0m\u001b[1;32m    749\u001b[0m         \u001b[0maf\u001b[0m\u001b[0;34m,\u001b[0m \u001b[0msocktype\u001b[0m\u001b[0;34m,\u001b[0m \u001b[0mproto\u001b[0m\u001b[0;34m,\u001b[0m \u001b[0mcanonname\u001b[0m\u001b[0;34m,\u001b[0m \u001b[0msa\u001b[0m \u001b[0;34m=\u001b[0m \u001b[0mres\u001b[0m\u001b[0;34m\u001b[0m\u001b[0;34m\u001b[0m\u001b[0m\n",
      "\u001b[0;31mgaierror\u001b[0m: [Errno -2] Name or service not known",
      "\nDuring handling of the above exception, another exception occurred:\n",
      "\u001b[0;31mURLError\u001b[0m                                  Traceback (most recent call last)",
      "\u001b[0;32m<ipython-input-99-7ffa4b5d92ee>\u001b[0m in \u001b[0;36m<module>\u001b[0;34m\u001b[0m\n\u001b[1;32m     53\u001b[0m \u001b[0;34m\u001b[0m\u001b[0m\n\u001b[1;32m     54\u001b[0m \u001b[0;34m\u001b[0m\u001b[0m\n\u001b[0;32m---> 55\u001b[0;31m     \u001b[0mgetPriceData\u001b[0m\u001b[0;34m(\u001b[0m\u001b[0mi\u001b[0m\u001b[0;34m[\u001b[0m\u001b[0;34m'bullish_target'\u001b[0m\u001b[0;34m]\u001b[0m\u001b[0;34m,\u001b[0m \u001b[0mstart\u001b[0m\u001b[0;34m,\u001b[0m \u001b[0mend\u001b[0m\u001b[0;34m)\u001b[0m\u001b[0;34m\u001b[0m\u001b[0;34m\u001b[0m\u001b[0m\n\u001b[0m\u001b[1;32m     56\u001b[0m     \u001b[0mgetPriceData\u001b[0m\u001b[0;34m(\u001b[0m\u001b[0mi\u001b[0m\u001b[0;34m[\u001b[0m\u001b[0;34m'bearish_target'\u001b[0m\u001b[0;34m]\u001b[0m\u001b[0;34m,\u001b[0m \u001b[0mstart\u001b[0m\u001b[0;34m,\u001b[0m \u001b[0mend\u001b[0m\u001b[0;34m)\u001b[0m\u001b[0;34m\u001b[0m\u001b[0;34m\u001b[0m\u001b[0m\n\u001b[1;32m     57\u001b[0m \u001b[0;34m\u001b[0m\u001b[0m\n",
      "\u001b[0;32m<ipython-input-98-1dabac1889ac>\u001b[0m in \u001b[0;36mgetPriceData\u001b[0;34m(ticker, start, end)\u001b[0m\n\u001b[1;32m     24\u001b[0m \u001b[0;31m#     this is comment\u001b[0m\u001b[0;34m\u001b[0m\u001b[0;34m\u001b[0m\u001b[0;34m\u001b[0m\u001b[0m\n\u001b[1;32m     25\u001b[0m     \u001b[0murl\u001b[0m \u001b[0;34m=\u001b[0m \u001b[0;34m\"https://query1.finance.yahoo.com/v7/finance/download/\"\u001b[0m \u001b[0;34m+\u001b[0m \u001b[0mstr\u001b[0m\u001b[0;34m(\u001b[0m\u001b[0mticker\u001b[0m\u001b[0;34m)\u001b[0m \u001b[0;34m+\u001b[0m \u001b[0;34m\".TW?period1=\"\u001b[0m \u001b[0;34m+\u001b[0m \u001b[0mstr\u001b[0m\u001b[0;34m(\u001b[0m\u001b[0mstart_timeStamp\u001b[0m\u001b[0;34m)\u001b[0m \u001b[0;34m+\u001b[0m \u001b[0;34m\"&period2=\"\u001b[0m \u001b[0;34m+\u001b[0m \u001b[0mstr\u001b[0m\u001b[0;34m(\u001b[0m\u001b[0mend_timeStamp\u001b[0m\u001b[0;34m)\u001b[0m \u001b[0;34m+\u001b[0m \u001b[0;34m\"&interval=1d&events=history\"\u001b[0m\u001b[0;34m\u001b[0m\u001b[0;34m\u001b[0m\u001b[0m\n\u001b[0;32m---> 26\u001b[0;31m     \u001b[0murllib\u001b[0m\u001b[0;34m.\u001b[0m\u001b[0mrequest\u001b[0m\u001b[0;34m.\u001b[0m\u001b[0murlretrieve\u001b[0m\u001b[0;34m(\u001b[0m\u001b[0murl\u001b[0m\u001b[0;34m,\u001b[0m \u001b[0;34m\"./\"\u001b[0m \u001b[0;34m+\u001b[0m \u001b[0mstr\u001b[0m\u001b[0;34m(\u001b[0m\u001b[0mticker\u001b[0m\u001b[0;34m)\u001b[0m \u001b[0;34m+\u001b[0m \u001b[0;34m\".csv\"\u001b[0m\u001b[0;34m)\u001b[0m\u001b[0;34m\u001b[0m\u001b[0;34m\u001b[0m\u001b[0m\n\u001b[0m\u001b[1;32m     27\u001b[0m \u001b[0;31m#     urllib.request.urlretrieve(url, \"./data/price/\" + str(ticker) + \".csv\")\u001b[0m\u001b[0;34m\u001b[0m\u001b[0;34m\u001b[0m\u001b[0;34m\u001b[0m\u001b[0m\n\u001b[1;32m     28\u001b[0m \u001b[0;31m#     urllib.request.urlretrieve(url, \"./data/price/2330.html\")\u001b[0m\u001b[0;34m\u001b[0m\u001b[0;34m\u001b[0m\u001b[0;34m\u001b[0m\u001b[0m\n",
      "\u001b[0;32m~/anaconda3/lib/python3.7/urllib/request.py\u001b[0m in \u001b[0;36murlretrieve\u001b[0;34m(url, filename, reporthook, data)\u001b[0m\n\u001b[1;32m    245\u001b[0m     \u001b[0murl_type\u001b[0m\u001b[0;34m,\u001b[0m \u001b[0mpath\u001b[0m \u001b[0;34m=\u001b[0m \u001b[0msplittype\u001b[0m\u001b[0;34m(\u001b[0m\u001b[0murl\u001b[0m\u001b[0;34m)\u001b[0m\u001b[0;34m\u001b[0m\u001b[0;34m\u001b[0m\u001b[0m\n\u001b[1;32m    246\u001b[0m \u001b[0;34m\u001b[0m\u001b[0m\n\u001b[0;32m--> 247\u001b[0;31m     \u001b[0;32mwith\u001b[0m \u001b[0mcontextlib\u001b[0m\u001b[0;34m.\u001b[0m\u001b[0mclosing\u001b[0m\u001b[0;34m(\u001b[0m\u001b[0murlopen\u001b[0m\u001b[0;34m(\u001b[0m\u001b[0murl\u001b[0m\u001b[0;34m,\u001b[0m \u001b[0mdata\u001b[0m\u001b[0;34m)\u001b[0m\u001b[0;34m)\u001b[0m \u001b[0;32mas\u001b[0m \u001b[0mfp\u001b[0m\u001b[0;34m:\u001b[0m\u001b[0;34m\u001b[0m\u001b[0;34m\u001b[0m\u001b[0m\n\u001b[0m\u001b[1;32m    248\u001b[0m         \u001b[0mheaders\u001b[0m \u001b[0;34m=\u001b[0m \u001b[0mfp\u001b[0m\u001b[0;34m.\u001b[0m\u001b[0minfo\u001b[0m\u001b[0;34m(\u001b[0m\u001b[0;34m)\u001b[0m\u001b[0;34m\u001b[0m\u001b[0;34m\u001b[0m\u001b[0m\n\u001b[1;32m    249\u001b[0m \u001b[0;34m\u001b[0m\u001b[0m\n",
      "\u001b[0;32m~/anaconda3/lib/python3.7/urllib/request.py\u001b[0m in \u001b[0;36murlopen\u001b[0;34m(url, data, timeout, cafile, capath, cadefault, context)\u001b[0m\n\u001b[1;32m    220\u001b[0m     \u001b[0;32melse\u001b[0m\u001b[0;34m:\u001b[0m\u001b[0;34m\u001b[0m\u001b[0;34m\u001b[0m\u001b[0m\n\u001b[1;32m    221\u001b[0m         \u001b[0mopener\u001b[0m \u001b[0;34m=\u001b[0m \u001b[0m_opener\u001b[0m\u001b[0;34m\u001b[0m\u001b[0;34m\u001b[0m\u001b[0m\n\u001b[0;32m--> 222\u001b[0;31m     \u001b[0;32mreturn\u001b[0m \u001b[0mopener\u001b[0m\u001b[0;34m.\u001b[0m\u001b[0mopen\u001b[0m\u001b[0;34m(\u001b[0m\u001b[0murl\u001b[0m\u001b[0;34m,\u001b[0m \u001b[0mdata\u001b[0m\u001b[0;34m,\u001b[0m \u001b[0mtimeout\u001b[0m\u001b[0;34m)\u001b[0m\u001b[0;34m\u001b[0m\u001b[0;34m\u001b[0m\u001b[0m\n\u001b[0m\u001b[1;32m    223\u001b[0m \u001b[0;34m\u001b[0m\u001b[0m\n\u001b[1;32m    224\u001b[0m \u001b[0;32mdef\u001b[0m \u001b[0minstall_opener\u001b[0m\u001b[0;34m(\u001b[0m\u001b[0mopener\u001b[0m\u001b[0;34m)\u001b[0m\u001b[0;34m:\u001b[0m\u001b[0;34m\u001b[0m\u001b[0;34m\u001b[0m\u001b[0m\n",
      "\u001b[0;32m~/anaconda3/lib/python3.7/urllib/request.py\u001b[0m in \u001b[0;36mopen\u001b[0;34m(self, fullurl, data, timeout)\u001b[0m\n\u001b[1;32m    523\u001b[0m             \u001b[0mreq\u001b[0m \u001b[0;34m=\u001b[0m \u001b[0mmeth\u001b[0m\u001b[0;34m(\u001b[0m\u001b[0mreq\u001b[0m\u001b[0;34m)\u001b[0m\u001b[0;34m\u001b[0m\u001b[0;34m\u001b[0m\u001b[0m\n\u001b[1;32m    524\u001b[0m \u001b[0;34m\u001b[0m\u001b[0m\n\u001b[0;32m--> 525\u001b[0;31m         \u001b[0mresponse\u001b[0m \u001b[0;34m=\u001b[0m \u001b[0mself\u001b[0m\u001b[0;34m.\u001b[0m\u001b[0m_open\u001b[0m\u001b[0;34m(\u001b[0m\u001b[0mreq\u001b[0m\u001b[0;34m,\u001b[0m \u001b[0mdata\u001b[0m\u001b[0;34m)\u001b[0m\u001b[0;34m\u001b[0m\u001b[0;34m\u001b[0m\u001b[0m\n\u001b[0m\u001b[1;32m    526\u001b[0m \u001b[0;34m\u001b[0m\u001b[0m\n\u001b[1;32m    527\u001b[0m         \u001b[0;31m# post-process response\u001b[0m\u001b[0;34m\u001b[0m\u001b[0;34m\u001b[0m\u001b[0;34m\u001b[0m\u001b[0m\n",
      "\u001b[0;32m~/anaconda3/lib/python3.7/urllib/request.py\u001b[0m in \u001b[0;36m_open\u001b[0;34m(self, req, data)\u001b[0m\n\u001b[1;32m    541\u001b[0m         \u001b[0mprotocol\u001b[0m \u001b[0;34m=\u001b[0m \u001b[0mreq\u001b[0m\u001b[0;34m.\u001b[0m\u001b[0mtype\u001b[0m\u001b[0;34m\u001b[0m\u001b[0;34m\u001b[0m\u001b[0m\n\u001b[1;32m    542\u001b[0m         result = self._call_chain(self.handle_open, protocol, protocol +\n\u001b[0;32m--> 543\u001b[0;31m                                   '_open', req)\n\u001b[0m\u001b[1;32m    544\u001b[0m         \u001b[0;32mif\u001b[0m \u001b[0mresult\u001b[0m\u001b[0;34m:\u001b[0m\u001b[0;34m\u001b[0m\u001b[0;34m\u001b[0m\u001b[0m\n\u001b[1;32m    545\u001b[0m             \u001b[0;32mreturn\u001b[0m \u001b[0mresult\u001b[0m\u001b[0;34m\u001b[0m\u001b[0;34m\u001b[0m\u001b[0m\n",
      "\u001b[0;32m~/anaconda3/lib/python3.7/urllib/request.py\u001b[0m in \u001b[0;36m_call_chain\u001b[0;34m(self, chain, kind, meth_name, *args)\u001b[0m\n\u001b[1;32m    501\u001b[0m         \u001b[0;32mfor\u001b[0m \u001b[0mhandler\u001b[0m \u001b[0;32min\u001b[0m \u001b[0mhandlers\u001b[0m\u001b[0;34m:\u001b[0m\u001b[0;34m\u001b[0m\u001b[0;34m\u001b[0m\u001b[0m\n\u001b[1;32m    502\u001b[0m             \u001b[0mfunc\u001b[0m \u001b[0;34m=\u001b[0m \u001b[0mgetattr\u001b[0m\u001b[0;34m(\u001b[0m\u001b[0mhandler\u001b[0m\u001b[0;34m,\u001b[0m \u001b[0mmeth_name\u001b[0m\u001b[0;34m)\u001b[0m\u001b[0;34m\u001b[0m\u001b[0;34m\u001b[0m\u001b[0m\n\u001b[0;32m--> 503\u001b[0;31m             \u001b[0mresult\u001b[0m \u001b[0;34m=\u001b[0m \u001b[0mfunc\u001b[0m\u001b[0;34m(\u001b[0m\u001b[0;34m*\u001b[0m\u001b[0margs\u001b[0m\u001b[0;34m)\u001b[0m\u001b[0;34m\u001b[0m\u001b[0;34m\u001b[0m\u001b[0m\n\u001b[0m\u001b[1;32m    504\u001b[0m             \u001b[0;32mif\u001b[0m \u001b[0mresult\u001b[0m \u001b[0;32mis\u001b[0m \u001b[0;32mnot\u001b[0m \u001b[0;32mNone\u001b[0m\u001b[0;34m:\u001b[0m\u001b[0;34m\u001b[0m\u001b[0;34m\u001b[0m\u001b[0m\n\u001b[1;32m    505\u001b[0m                 \u001b[0;32mreturn\u001b[0m \u001b[0mresult\u001b[0m\u001b[0;34m\u001b[0m\u001b[0;34m\u001b[0m\u001b[0m\n",
      "\u001b[0;32m~/anaconda3/lib/python3.7/urllib/request.py\u001b[0m in \u001b[0;36mhttps_open\u001b[0;34m(self, req)\u001b[0m\n\u001b[1;32m   1358\u001b[0m         \u001b[0;32mdef\u001b[0m \u001b[0mhttps_open\u001b[0m\u001b[0;34m(\u001b[0m\u001b[0mself\u001b[0m\u001b[0;34m,\u001b[0m \u001b[0mreq\u001b[0m\u001b[0;34m)\u001b[0m\u001b[0;34m:\u001b[0m\u001b[0;34m\u001b[0m\u001b[0;34m\u001b[0m\u001b[0m\n\u001b[1;32m   1359\u001b[0m             return self.do_open(http.client.HTTPSConnection, req,\n\u001b[0;32m-> 1360\u001b[0;31m                 context=self._context, check_hostname=self._check_hostname)\n\u001b[0m\u001b[1;32m   1361\u001b[0m \u001b[0;34m\u001b[0m\u001b[0m\n\u001b[1;32m   1362\u001b[0m         \u001b[0mhttps_request\u001b[0m \u001b[0;34m=\u001b[0m \u001b[0mAbstractHTTPHandler\u001b[0m\u001b[0;34m.\u001b[0m\u001b[0mdo_request_\u001b[0m\u001b[0;34m\u001b[0m\u001b[0;34m\u001b[0m\u001b[0m\n",
      "\u001b[0;32m~/anaconda3/lib/python3.7/urllib/request.py\u001b[0m in \u001b[0;36mdo_open\u001b[0;34m(self, http_class, req, **http_conn_args)\u001b[0m\n\u001b[1;32m   1317\u001b[0m                           encode_chunked=req.has_header('Transfer-encoding'))\n\u001b[1;32m   1318\u001b[0m             \u001b[0;32mexcept\u001b[0m \u001b[0mOSError\u001b[0m \u001b[0;32mas\u001b[0m \u001b[0merr\u001b[0m\u001b[0;34m:\u001b[0m \u001b[0;31m# timeout error\u001b[0m\u001b[0;34m\u001b[0m\u001b[0;34m\u001b[0m\u001b[0m\n\u001b[0;32m-> 1319\u001b[0;31m                 \u001b[0;32mraise\u001b[0m \u001b[0mURLError\u001b[0m\u001b[0;34m(\u001b[0m\u001b[0merr\u001b[0m\u001b[0;34m)\u001b[0m\u001b[0;34m\u001b[0m\u001b[0;34m\u001b[0m\u001b[0m\n\u001b[0m\u001b[1;32m   1320\u001b[0m             \u001b[0mr\u001b[0m \u001b[0;34m=\u001b[0m \u001b[0mh\u001b[0m\u001b[0;34m.\u001b[0m\u001b[0mgetresponse\u001b[0m\u001b[0;34m(\u001b[0m\u001b[0;34m)\u001b[0m\u001b[0;34m\u001b[0m\u001b[0;34m\u001b[0m\u001b[0m\n\u001b[1;32m   1321\u001b[0m         \u001b[0;32mexcept\u001b[0m\u001b[0;34m:\u001b[0m\u001b[0;34m\u001b[0m\u001b[0;34m\u001b[0m\u001b[0m\n",
      "\u001b[0;31mURLError\u001b[0m: <urlopen error [Errno -2] Name or service not known>"
     ]
    }
   ],
   "source": [
    "\n",
    "bullish_return = []\n",
    "bearish_return = []\n",
    "\n",
    "# for i in range(0,len(target)):\n",
    "#     temp = target[i]\n",
    "#     ticker = t \n",
    "#     start = \"2011-02-11\"\n",
    "#     end = \"2020-03-10\"\n",
    "'''\n",
    "target:\n",
    "    'year': '100', \n",
    "    'month': '1',\n",
    "    'bullish_target': '3406', \n",
    "    'bearish_target': '3535'\n",
    "'''\n",
    "for i in target:\n",
    "#     print(\"year: \" + i['year'])\n",
    "#     print(\"month: \"+  i['month'])\n",
    "#     print(\"bullish_target: \"+  i['bullish_target'])\n",
    "#     print(\"bearish_target: \" + i['bearish_target'])\n",
    "\n",
    "    year = 1911 + int(i['year'])\n",
    "    month = int(i['month'])\n",
    "#     if year == 2020:\n",
    "#         print(i['month'])\n",
    "\n",
    "    DecemberOrNot = 12\n",
    "    start, end = _, _\n",
    "    #不用計算跨年\n",
    "    if month != DecemberOrNot:\n",
    "        \n",
    "        startYear, endYear = str(year), str(year)\n",
    "        startMonth, endMonth = str(month), str(month + 1)\n",
    "        \n",
    "        #月份不是二位數,要加0\n",
    "        if month < 10:\n",
    "            start = startYear + \"-0\" + str(startMonth) + \"-11\"\n",
    "            end = endYear + \"-0\" + str(endMonth) + \"-10\"\n",
    "        #月份是二位數,不要加0\n",
    "        else:\n",
    "            start = startYear + \"-\" + str(startMonth) + \"-11\"\n",
    "            end = endYear + \"-\" + str(endMonth) + \"-10\"\n",
    "    \n",
    "    #要計算跨年\n",
    "    else:\n",
    "        print(\"year: \" + i['year'])\n",
    "        print(\"month: \"+  i['month'])\n",
    "        print(\"bullish_target: \"+  i['bullish_target'])\n",
    "        print(\"bearish_target: \" + i['bearish_target'])\n",
    "        start, end = str(year) + \"-12-11\", str(year+1) + \"-01-10\"\n",
    "#     print(start, end)\n",
    "#     break\n",
    "    \n",
    "    try:\n",
    "        getPriceData(i['bullish_target'], start, end)\n",
    "        getPriceData(i['bearish_target'], start, end)\n",
    "    except:\n",
    "        #TODO...\n",
    "        \n",
    "    break\n",
    "\n",
    "\n",
    "\n",
    "\n",
    "\n",
    "\n",
    "#     print(start_timeStamp)\n",
    "#     temp[\"bullish_target_open_price\"] = []\n",
    "#     temp[\"bullish_target_close_price\"] = []\n",
    "#     temp[\"bearish_target_open_price\"] = []\n",
    "#     temp[\"bearish_target_close_price\"] = []\n",
    "    \n",
    "#     if target[i][\"bullish_target_open_price\"] == \"NaN\" or \\\n",
    "#        target[i][\"bullish_target_close_price\"] == \"NaN\" or \\\n",
    "#        target[i][\"bearish_target_open_price\"] == \"NaN\" or \\\n",
    "#        target[i][\"bearish_target_close_price\"] == \"NaN\":           \n",
    "#            continue\n",
    "#     bullish_return.append((target[i][\"bullish_target_close_price\"]- \\\n",
    "#                        target[i][\"bullish_target_open_price\"])/ \\\n",
    "#                       target[i][\"bullish_target_open_price\"])\n",
    "    \n",
    "#     bearish_return.append((target[i][\"bearish_target_open_price\"]- \\\n",
    "#                        target[i][\"bearish_target_close_price\"])/ \\\n",
    "#                        target[i][\"bearish_target_open_price\"])\n",
    "    \n",
    "#     avg_return = sum(bullish_return+bearish_return)/len(bullish_return+bearish_return)\n",
    "#     print(avg_return)"
   ]
  },
  {
   "cell_type": "code",
   "execution_count": 84,
   "metadata": {
    "ExecuteTime": {
     "end_time": "2020-04-12T11:26:47.502565Z",
     "start_time": "2020-04-12T11:26:47.463339Z"
    }
   },
   "outputs": [
    {
     "ename": "AttributeError",
     "evalue": "'list' object has no attribute 'file'",
     "output_type": "error",
     "traceback": [
      "\u001b[0;31m---------------------------------------------------------------------------\u001b[0m",
      "\u001b[0;31mAttributeError\u001b[0m                            Traceback (most recent call last)",
      "\u001b[0;32m<ipython-input-84-515c66b21b15>\u001b[0m in \u001b[0;36m<module>\u001b[0;34m\u001b[0m\n\u001b[1;32m      5\u001b[0m \u001b[0;34m\u001b[0m\u001b[0m\n\u001b[1;32m      6\u001b[0m \u001b[0mfire\u001b[0m \u001b[0;34m=\u001b[0m \u001b[0mopen\u001b[0m\u001b[0;34m(\u001b[0m\u001b[0;34m\"bearish_return.pickle\"\u001b[0m\u001b[0;34m,\u001b[0m\u001b[0;34m\"wb\"\u001b[0m\u001b[0;34m)\u001b[0m\u001b[0;34m\u001b[0m\u001b[0;34m\u001b[0m\u001b[0m\n\u001b[0;32m----> 7\u001b[0;31m \u001b[0mpickle\u001b[0m\u001b[0;34m.\u001b[0m\u001b[0mdump\u001b[0m\u001b[0;34m(\u001b[0m\u001b[0mbullish_return\u001b[0m\u001b[0;34m.\u001b[0m\u001b[0mfile\u001b[0m\u001b[0;34m)\u001b[0m\u001b[0;34m\u001b[0m\u001b[0;34m\u001b[0m\u001b[0m\n\u001b[0m\u001b[1;32m      8\u001b[0m \u001b[0mfile\u001b[0m\u001b[0;34m.\u001b[0m\u001b[0mclose\u001b[0m\u001b[0;34m(\u001b[0m\u001b[0;34m)\u001b[0m\u001b[0;34m\u001b[0m\u001b[0;34m\u001b[0m\u001b[0m\n\u001b[1;32m      9\u001b[0m \u001b[0;34m\u001b[0m\u001b[0m\n",
      "\u001b[0;31mAttributeError\u001b[0m: 'list' object has no attribute 'file'"
     ]
    }
   ],
   "source": [
    "\n",
    "import pickle\n",
    "file = open(\"bullish_return.pickle\",\"wb\")\n",
    "pickle.dump(bullish_return,file)\n",
    "file.close()\n",
    "\n",
    "fire = open(\"bearish_return.pickle\",\"wb\")\n",
    "pickle.dump(bullish_return.file)\n",
    "file.close()\n",
    "\n",
    "\n",
    "    \n",
    "t=input(\"Plz enter ticker:\")\n",
    "s = input(\"Plz enter start time\")\n",
    "e = input(\"Plz enter end time\")\n",
    "print(\"your enter ticker is:{} start-time :{} end-time:{}\".format(t, s ,e))\n",
    "\n",
    "\n",
    "print(t, s, e)\n",
    "getPriceData(t, s, e)\n",
    "\n",
    "# print(start_timeStamp)"
   ]
  },
  {
   "cell_type": "code",
   "execution_count": 3,
   "metadata": {
    "ExecuteTime": {
     "end_time": "2020-04-12T11:26:50.047222Z",
     "start_time": "2020-04-12T11:26:50.026961Z"
    }
   },
   "outputs": [
    {
     "ename": "IndentationError",
     "evalue": "unexpected indent (<ipython-input-3-103525520695>, line 30)",
     "output_type": "error",
     "traceback": [
      "\u001b[0;36m  File \u001b[0;32m\"<ipython-input-3-103525520695>\"\u001b[0;36m, line \u001b[0;32m30\u001b[0m\n\u001b[0;31m    temp[\"bullish_target_open_price\"] = []\u001b[0m\n\u001b[0m    ^\u001b[0m\n\u001b[0;31mIndentationError\u001b[0m\u001b[0;31m:\u001b[0m unexpected indent\n"
     ]
    }
   ],
   "source": [
    "#!/usr/bin/env python3\n",
    "# -*- coding: utf-8 -*-\n",
    "\"\"\"\n",
    "Created on Thu Apr  9 19:52:34 2020\n",
    "\n",
    "@author: amanda\n",
    "\"\"\"\n",
    "\n",
    "import json\n",
    "import datetime\n",
    "import time\n",
    "import urllib.request\n",
    "\n",
    "with open(\"backtest_targets.json\",\"r\")as f:\n",
    "    target = json.load(f)\n",
    "    \n",
    "bullish_return = []\n",
    "bearish_return = []\n",
    "\n",
    "for i in range(0,len(target)):\n",
    "    \n",
    "    temp = target[i]\n",
    "    ticker = t\n",
    "    start = \"2011-02-11\"\n",
    "    end = \"2020-03-10\"\n",
    "\n",
    "getPriceData(ticker, start, end)\n",
    "\n",
    "# print(start_timeStamp)\n",
    "    temp[\"bullish_target_open_price\"] = []\n",
    "    temp[\"bullish_target_close_price\"] = []\n",
    "    temp[\"bearish_target_open_price\"] = []\n",
    "    temp[\"bearish_target_close_price\"] = []\n",
    "    \n",
    "    if target[i][\"bullish_target_open_price\"] == \"NaN\" or \\\n",
    "       target[i][\"bullish_target_close_price\"] == \"NaN\" or \\\n",
    "       target[i][\"bearish_target_open_price\"] == \"NaN\" or \\\n",
    "       target[i][\"bearish_target_close_price\"] == \"NaN\":           \n",
    "           continue\n",
    "    bullish_return.append((target[i][\"bullish_target_close_price\"]- \\\n",
    "                       target[i][\"bullish_target_open_price\"])/ \\\n",
    "                      target[i][\"bullish_target_open_price\"])\n",
    "    \n",
    "    bearish_return.append((target[i][\"bearish_target_open_price\"]- \\\n",
    "                       target[i][\"bearish_target_close_price\"])/ \\\n",
    "                       target[i][\"bearish_target_open_price\"])\n",
    "    \n",
    "avg_return = sum(bullish_return+bearish_return)/len(bullish_return+bearish_return)\n",
    "\n",
    "import pickle\n",
    "file = open(\"bullish_return.pickle\",\"wb\")\n",
    "pickle.dump(bullish_return,file)\n",
    "file.close()\n",
    "\n",
    "fire = open(\"bearish_return.pickle\",\"wb\")\n",
    "pickle.dump(bullish_return.file)\n",
    "file.close()\n",
    "\n",
    "\n",
    "\n",
    "def getPriceData(ticker, start, end):\n",
    "    start_timeArray = time.strptime(start,\"%Y-%m-%d\")\n",
    "    start_timeStamp = int(time.mktime(start_timeArray))\n",
    "    \n",
    "    print(start_timeStamp)\n",
    "    end_timeArray = datetime.datetime.strptime(end,\"%Y-%m-%d\")\n",
    "    end_timeArray +=datetime.timedelta(days=1)\n",
    "    end_timeStamp = int(time.mktime(end_timeArray.timetuple()))\n",
    "#     return start_timeStamp\n",
    "    \n",
    "#     this is comment\n",
    "    url = \"https://query1.finance.yahoo.com/v7/finance/download/\" + str(ticker) + \".TW?period1=\" + str(start_timeStamp) + \"&period2=\" + str(end_timeStamp) + \"&interval=1d&events=history\"\n",
    "    r = requests.get(url)\n",
    "    with open('./'+ticker+'.xls', 'wb') as f:\n",
    "        f.write(r.content)\n",
    "#     urllib.request.urlretrieve(url, \"./data/price/2330.html\")\n",
    "    \n",
    "t=input(\"Plz enter ticker:\")\n",
    "s = input(\"Plz enter start time\")\n",
    "e = input(\"Plz enter end time\")\n",
    "print(\"your enter ticker is:{} start-time :{} end-time:{}\".format(t, s ,e))\n",
    "\n",
    "\n",
    "print(t, s, e)\n",
    "getPriceData(t, s, e)\n",
    "\n",
    "# print(start_timeStamp)"
   ]
  },
  {
   "cell_type": "code",
   "execution_count": null,
   "metadata": {},
   "outputs": [],
   "source": [
    "trade_range = price_data.iloc[start_idx:end_idx]\n",
    "trade_date_list = trade_range[\"Date\"].tolist()\n",
    "for i in range(0,len(trade_date_list)):\n",
    "    trade_date_list[i]= datetime.datetime.strptime( trade_date_list[i], \"%Y-%m-%d\")\n",
    "    \n",
    "open_delta = []\n",
    "close_delta = []\n",
    "for i in range(0,len(trade_date_list)):\n",
    "    open_delta.append(abs(trade data list[i]-open day))\n",
    "    close_delta.append(abs(trade data list[i]-close day))\n",
    "    \n",
    "open_indices = [i for i x in enumerate(open_delta) if x == min(open_delta)]\n",
    "close_indices = [i for i x in enumerate(close_delta) if x == min(close_delta)]\n",
    "\n",
    "open_idx = open_indices[-1]\n",
    "close_idx = close_indices[-1]\n",
    "\n",
    "trade_range = trade_range.reset_index()\n",
    "open_price = trade_range[\"Adj Close\"][open_idx]\n",
    "close_price = trade_range[\"Adj Close\"][close_idx]\n"
   ]
  },
  {
   "cell_type": "code",
   "execution_count": null,
   "metadata": {},
   "outputs": [],
   "source": []
  },
  {
   "cell_type": "code",
   "execution_count": null,
   "metadata": {},
   "outputs": [],
   "source": []
  }
 ],
 "metadata": {
  "kernelspec": {
   "display_name": "Python 3",
   "language": "python",
   "name": "python3"
  },
  "language_info": {
   "codemirror_mode": {
    "name": "ipython",
    "version": 3
   },
   "file_extension": ".py",
   "mimetype": "text/x-python",
   "name": "python",
   "nbconvert_exporter": "python",
   "pygments_lexer": "ipython3",
   "version": "3.7.4"
  },
  "nbTranslate": {
   "displayLangs": [
    "*"
   ],
   "hotkey": "alt-t",
   "langInMainMenu": true,
   "sourceLang": "en",
   "targetLang": "fr",
   "useGoogleTranslate": true
  },
  "toc": {
   "base_numbering": 1,
   "nav_menu": {},
   "number_sections": true,
   "sideBar": true,
   "skip_h1_title": false,
   "title_cell": "Table of Contents",
   "title_sidebar": "Contents",
   "toc_cell": false,
   "toc_position": {},
   "toc_section_display": true,
   "toc_window_display": false
  },
  "varInspector": {
   "cols": {
    "lenName": 16,
    "lenType": 16,
    "lenVar": 40
   },
   "kernels_config": {
    "python": {
     "delete_cmd_postfix": "",
     "delete_cmd_prefix": "del ",
     "library": "var_list.py",
     "varRefreshCmd": "print(var_dic_list())"
    },
    "r": {
     "delete_cmd_postfix": ") ",
     "delete_cmd_prefix": "rm(",
     "library": "var_list.r",
     "varRefreshCmd": "cat(var_dic_list()) "
    }
   },
   "types_to_exclude": [
    "module",
    "function",
    "builtin_function_or_method",
    "instance",
    "_Feature"
   ],
   "window_display": false
  }
 },
 "nbformat": 4,
 "nbformat_minor": 2
}
